sample_id,client_id,activity,acc_x,acc_y,acc_z,gyro_x,gyro_y,gyro_z,mag_x,mag_y,mag_z,heart_rate,temperature
0,3,standing,-0.1897,9.8403,-0.0522,0.047,0.1244,0.0797,20.0967,2.5256,-37.224,75.5123,36.8421
1,3,cycling,0.4664,9.4174,0.1138,0.4107,0.2597,0.162,17.2938,4.9526,-42.7004,113.6073,36.9893
2,3,walking,0.2034,9.1251,0.2404,0.094,0.1052,0.1471,20.6338,5.2863,-37.2551,99.2508,37.1921
3,3,running,1.2093,9.09,0.6422,0.5107,0.3266,0.3286,24.0871,6.7942,-40.3613,158.5178,37.4195
4,3,cycling,0.3439,9.3862,0.3461,0.248,0.1606,0.0487,19.0003,6.1519,-44.3781,124.2739,36.9459
5,3,walking,0.2506,9.5286,-0.0568,0.0355,0.0492,0.1409,20.5295,0.7669,-39.9327,94.9171,36.5686
6,3,standing,0.1399,10.2033,-0.0317,-0.0016,0.0397,0.0433,19.743,2.1488,-37.263,75.0033,36.3823
7,3,running,1.1244,9.3253,0.3551,0.4521,0.2231,0.4064,16.913,2.1997,-39.0543,154.354,37.8258
8,3,standing,-0.0451,9.5265,0.1886,-0.1078,0.064,0.0008,19.9162,4.6123,-36.9636,71.374,36.3579
9,3,lying,-0.0093,-0.219,9.1429,0.0663,-0.0867,0.0645,23.3862,7.7806,-40.9435,60.3703,36.3886
10,3,lying,0.1404,-0.1471,9.502,0.0622,-0.1013,0.1463,21.1924,5.2459,-43.4539,54.5284,35.9598
11,3,standing,-0.401,10.1323,-0.5855,-0.0213,0.0308,-0.0356,19.1194,6.4549,-41.0288,76.3411,36.1418
12,3,running,1.2036,8.6903,1.2224,0.4403,0.3019,0.4657,18.6765,5.6621,-39.5496,154.7445,37.3743
13,3,walking,0.088,9.1035,0.2612,0.114,0.0275,0.1628,19.6323,11.3125,-41.5061,82.8023,37.0243
14,3,sitting,0.1734,10.0004,0.0353,0.0061,-0.0009,0.0748,16.9437,3.3364,-37.0909,75.7438,36.5641
15,3,walking,-0.0888,9.8905,0.3899,0.1055,0.0264,0.149,23.3059,6.3442,-36.6306,85.3498,36.5992
16,3,standing,-0.0938,9.8559,0.5933,-0.0654,0.1379,-0.1201,24.1065,6.4331,-42.0239,80.0093,36.6188
17,3,standing,-0.4962,9.692,0.5315,0.0754,0.0063,-0.0008,19.993,6.429,-40.3562,78.6777,36.5752
18,3,standing,0.2556,9.8289,-0.0958,0.0749,0.028,-0.0255,20.7774,8.1536,-42.7769,81.0077,36.9137
19,3,lying,0.2547,0.3294,9.6679,-0.0402,0.003,0.0398,19.6627,2.6187,-41.1473,62.5446,36.5272
20,3,running,1.365,9.0573,0.6831,0.3628,0.3279,0.5168,20.2869,4.1158,-35.8188,149.916,37.0741
21,3,standing,0.187,9.5975,0.1084,0.1746,-0.0527,0.0566,19.9406,8.6372,-41.3613,68.6863,36.5073
22,3,sitting,0.1286,10.4563,-0.3798,0.0037,0.0162,0.0174,22.6856,7.7568,-37.6692,78.1492,36.3359
23,3,lying,0.3154,0.1052,9.8733,-0.0072,-0.0684,0.0542,15.7184,5.1148,-38.9974,50.3177,36.6773
24,3,lying,0.8413,0.5251,9.7632,0.0254,0.0498,0.0289,21.3738,5.6723,-36.8401,60.0305,36.3039
25,3,cycling,0.6147,9.5846,0.3233,0.2756,0.2283,0.2091,22.8324,5.0511,-38.5078,124.0417,36.986
26,3,running,1.1175,8.7073,0.773,0.4705,0.2451,0.387,21.4815,7.1646,-41.7955,156.3717,37.3152
27,3,standing,-0.0701,9.9294,0.0892,0.0387,-0.0824,0.0259,20.7881,4.6096,-40.7517,72.8085,36.498
28,3,walking,0.563,10.3139,-0.0728,0.0917,0.04,0.1499,20.581,5.7259,-37.2494,89.3134,36.5735
29,3,sitting,0.1957,9.5599,0.4326,0.0217,0.0431,-0.0966,18.4663,5.4373,-37.0899,70.7024,36.3454
30,3,walking,0.7967,9.1286,0.0952,0.0321,0.1139,0.0489,22.7925,3.3283,-40.7194,86.5695,36.9872
31,3,sitting,-0.1873,9.3472,0.1932,0.0231,-0.0357,0.043,19.1065,6.3404,-45.1896,70.0971,36.2514
32,3,standing,-0.1568,10.1149,0.2247,0.0596,0.0532,0.0367,22.177,6.9367,-42.7999,75.192,36.4338
33,3,cycling,0.2586,9.2953,0.5478,0.2541,0.1814,0.2305,14.5185,4.6633,-40.9888,118.387,37.0435
34,3,running,1.5847,8.9239,0.5072,0.4303,0.2479,0.4136,17.0879,6.3961,-37.208,152.18,37.3904
35,3,running,1.0879,9.1391,1.1597,0.4646,0.2535,0.4235,17.9378,2.0208,-43.3431,157.6167,37.5007
36,3,walking,0.4101,9.4262,0.1695,0.134,0.0355,0.0711,20.9346,4.758,-40.3801,81.9845,37.3332
37,3,running,1.5378,8.8543,0.9802,0.5403,0.2654,0.3209,18.6122,4.1448,-42.9342,156.6192,37.7263
38,3,running,1.276,8.8408,0.3034,0.5316,0.3122,0.4434,19.8366,5.8673,-39.4655,149.7323,37.7507
39,3,sitting,-0.0446,10.2206,0.0936,0.0174,0.0065,-0.0755,21.6759,6.124,-40.9554,71.7772,36.28
40,3,walking,0.8881,9.8836,0.723,0.1213,-0.0005,0.1064,18.1057,8.083,-40.4621,95.2782,36.7348
41,3,standing,0.2335,9.5945,-0.0262,-0.0888,0.0782,-0.0785,23.3246,3.8645,-38.3595,74.9773,36.0834
42,3,cycling,0.6753,9.0278,0.1853,0.2569,0.1906,0.1973,20.4492,3.391,-39.672,111.0056,37.1308
43,3,running,0.9806,9.0744,0.2406,0.505,0.2553,0.3399,19.753,7.9457,-36.0362,151.5978,37.5484
44,3,standing,0.0163,10.3877,-0.0884,-0.0243,0.0224,-0.0236,21.4778,5.341,-39.8151,82.0255,36.5344
45,3,sitting,0.9959,9.6619,0.0862,0.0779,-0.0295,0.1102,22.3702,4.6169,-38.223,71.542,36.5487
46,3,running,0.9339,9.3968,0.8282,0.5457,0.2416,0.397,21.8192,6.7825,-42.5332,151.4394,37.9153
47,3,lying,-0.4747,-0.3722,9.3399,-0.0824,0.0236,-0.0314,18.5292,5.7664,-39.4391,61.712,36.3969
48,3,running,1.2445,9.2462,0.8091,0.4888,0.2705,0.3652,18.2602,6.0203,-40.5245,151.2408,37.8155
49,3,sitting,0.2225,9.0132,0.1844,0.0885,0.0092,-0.0256,18.6478,3.9609,-35.7352,82.1861,36.3106
50,3,walking,0.0276,9.3717,0.2664,0.0373,0.1405,0.0488,19.8597,6.2483,-38.5647,89.1806,36.5882
51,3,cycling,0.6367,9.2152,0.3728,0.3551,0.1769,0.1636,23.367,3.3626,-39.0834,118.1726,37.3235
52,3,lying,-0.4154,-0.4205,9.896,0.0503,-0.0568,0.0172,21.526,4.0114,-40.3134,59.6165,36.1283
53,3,standing,-0.0826,9.7516,-0.3718,0.0286,0.0443,0.0038,20.626,1.4202,-41.7889,82.3839,36.5854
54,3,walking,0.3276,9.8855,0.1825,0.0645,0.0986,0.0633,22.3336,5.8146,-40.9292,91.6187,37.0673
55,3,standing,0.2467,9.629,-0.0924,0.0351,-0.001,-0.039,22.713,5.5074,-47.056,76.2052,36.7698
56,3,standing,0.1133,10.1791,-0.2269,0.1451,-0.0347,-0.0451,20.5045,2.7325,-36.768,80.116,36.6694
57,3,running,1.0288,9.4691,0.784,0.4902,0.3383,0.3671,20.3329,5.1862,-38.1945,150.1351,37.2573
58,3,running,1.1016,8.5044,0.7584,0.5519,0.2987,0.3387,21.8842,4.7627,-40.8067,156.6917,37.6995
59,3,cycling,0.4976,9.2831,0.2544,0.3505,0.2584,0.124,19.0194,2.6122,-39.0154,116.408,37.3681
60,3,walking,0.1795,9.1544,0.0991,0.0646,-0.0651,0.1162,20.2148,6.1207,-40.2405,86.2023,36.5611
61,3,lying,0.0671,-0.6967,9.3994,0.022,0.0157,-0.0633,20.3786,7.3539,-40.6611,59.3642,36.1993
62,3,walking,-0.0858,9.5587,0.2978,0.1011,0.0537,0.1427,16.6265,1.7762,-39.3384,84.6943,36.6787
63,3,sitting,0.2604,10.017,-0.0625,-0.0018,-0.0485,-0.0498,20.9335,2.2915,-38.6744,61.2727,36.3003
64,3,running,1.082,8.8385,0.7035,0.5069,0.2349,0.3587,17.7714,5.4237,-38.4572,161.7296,37.6374
65,3,lying,0.3357,-0.078,9.5061,0.0624,0.0473,0.0262,19.4906,7.1173,-41.0194,60.6571,36.4582
66,3,walking,0.4275,9.295,0.2175,0.1351,0.0291,0.0451,18.5807,10.5312,-38.6136,95.3633,36.818
67,3,standing,-0.4406,9.9539,-0.2794,0.0251,-0.0203,0.0658,19.3882,1.7076,-40.7838,68.8619,36.9382
68,3,sitting,0.0986,10.0572,-0.1975,0.0371,-0.1131,-0.0674,21.7807,3.3744,-37.941,68.2258,36.6006
69,3,cycling,0.1348,9.8884,0.5522,0.2311,0.2543,0.1699,20.8906,3.4414,-39.9084,116.8519,36.9706
70,3,sitting,-0.0813,9.1141,0.2374,0.0373,-0.0725,-0.0757,19.7753,7.3278,-41.7757,70.3983,36.6827
71,3,sitting,0.1193,9.8945,0.3976,0.0613,-0.0532,-0.0004,18.2511,3.8431,-37.5998,54.8431,36.7118
72,3,lying,-0.4497,0.4631,9.7269,0.0139,-0.0101,0.0517,19.6606,3.5522,-41.1575,64.58,36.4574
73,3,running,1.557,8.7213,1.1863,0.4765,0.293,0.4204,20.1846,3.8225,-35.9892,154.0455,37.4899
74,3,sitting,-0.3196,9.8026,0.0919,0.0802,-0.0244,-0.0306,22.4404,5.9213,-38.0721,71.1976,36.5142
75,3,lying,-0.2316,0.4726,9.6033,0.0458,0.0065,0.0063,23.4123,6.0422,-40.9673,62.5537,36.5937
76,3,cycling,-0.0348,9.182,0.6449,0.3224,0.1228,0.1099,16.9673,5.8962,-40.3341,116.6656,37.286
77,3,walking,0.4369,9.2531,-0.044,0.0755,0.0908,0.0963,22.3389,7.881,-40.388,93.4134,36.544
78,3,sitting,0.3802,9.9465,-0.4727,0.0249,0.0823,-0.1062,18.8595,2.0137,-42.1081,67.1907,36.4776
79,3,sitting,0.3961,9.5864,-0.3303,0.1042,0.0634,-0.0676,19.5322,3.3057,-44.1964,72.3961,36.3093
80,3,cycling,0.905,9.2591,0.4844,0.2804,0.2158,0.0731,17.1835,5.4702,-44.112,117.4221,37.088
81,3,cycling,0.3319,8.9682,0.609,0.3298,0.2711,0.1453,20.5318,5.005,-41.1912,119.9667,37.1466
82,3,cycling,0.3737,9.2382,0.1089,0.3826,0.1561,0.0941,19.7674,6.9875,-41.3449,115.8072,37.2357
83,3,standing,-0.1017,10.062,0.8698,-0.0389,-0.0216,-0.0581,17.4759,5.9556,-36.3148,69.1674,36.7314
84,3,lying,0.489,0.0308,10.0368,-0.0658,-0.0068,-0.0071,17.2172,1.8645,-40.6178,62.4276,36.6267
85,3,standing,-0.3093,9.7298,0.4154,-0.1634,0.0638,-0.0474,21.3243,4.262,-39.1033,69.2866,36.7566
86,3,running,0.9183,9.3029,1.0836,0.5353,0.3093,0.4247,23.3247,3.5922,-41.3192,138.365,37.3871
87,3,standing,0.1004,10.4055,0.1656,-0.0605,0.0202,0.02,19.4425,7.3513,-39.8351,67.5655,36.4373
88,3,sitting,-0.1891,10.2685,-0.3885,0.0829,0.0411,0.0617,19.6358,4.6429,-38.9851,66.9695,36.8379
89,3,sitting,-0.5397,9.4342,0.2005,0.0472,-0.012,0.0057,20.0939,3.5493,-41.0119,61.9171,36.5733
90,3,lying,-0.1998,-0.4011,10.2824,-0.0326,0.011,0.0058,20.6949,0.5056,-38.507,60.0501,36.5756
91,3,cycling,0.4479,9.2953,-0.1962,0.3046,0.1948,0.1532,17.2289,7.7564,-38.6012,108.2975,36.7682
92,3,sitting,-0.4662,9.7989,-0.4045,0.0219,0.021,0.0138,21.6371,6.1352,-36.5345,66.0707,36.4686
93,3,walking,0.1571,9.4619,-0.1098,0.0149,0.1157,0.0738,19.4691,0.3756,-42.2301,91.1195,36.7539
94,3,walking,0.3381,9.2769,0.0495,-0.0269,0.0123,0.0576,17.1233,3.5267,-41.3955,81.2897,36.9044
95,3,standing,0.2178,9.5077,0.0723,0.1101,0.0308,0.0267,21.945,5.3374,-37.2988,66.7011,36.8374
96,3,sitting,0.1277,10.402,0.2117,0.0521,-0.0243,-0.0167,16.0633,4.6547,-38.5918,61.7188,36.281
97,3,lying,-0.0053,0.1155,10.0872,0.0366,-0.0019,-0.0172,21.214,5.1432,-41.5623,69.6597,36.5548
98,3,running,1.1572,9.0992,0.845,0.5366,0.2888,0.4569,20.7807,8.0514,-37.6521,162.2765,37.5154
99,3,walking,0.319,9.5864,-0.3566,0.0779,0.0923,0.2398,20.5859,4.7323,-42.1414,89.6319,36.9107
100,3,walking,0.2443,9.129,-0.1194,0.0763,-0.0511,0.1275,18.7886,1.0796,-40.1582,86.9802,36.8769
101,3,sitting,-0.2178,10.5762,0.5417,0.0044,-0.0798,-0.0146,20.0188,8.6507,-38.4814,75.0461,36.5806
102,3,cycling,0.119,9.6277,0.2705,0.3117,0.1477,0.1705,17.5925,3.8192,-39.8983,111.5428,37.3038
103,3,walking,-0.0861,9.7561,-0.0009,0.1734,0.0836,0.0758,21.7935,5.7585,-38.9953,91.5451,36.9055
104,3,standing,-0.3103,9.3137,0.0513,0.0204,-0.0541,0.0225,22.2635,3.1832,-39.9592,78.7707,36.6401
105,3,running,1.721,8.8135,0.8322,0.5668,0.3584,0.3629,21.2331,6.4239,-39.8315,151.7371,37.4789
106,3,lying,-0.2294,0.0677,9.7151,-0.0585,0.0632,0.0342,22.2588,3.2716,-42.612,69.7217,36.3953
107,3,standing,0.14,10.4217,0.0006,0.0253,0.02,0.0376,20.9763,6.2325,-41.74,73.7741,36.9318
108,3,lying,-0.2977,0.3404,10.0108,-0.0525,-0.0297,-0.0188,23.2109,5.1912,-40.6478,62.4547,36.4069
109,3,running,1.1119,9.023,0.872,0.4834,0.3505,0.3035,20.8206,4.4047,-35.7078,147.4704,37.2749
110,3,lying,0.0267,-0.1757,9.8752,0.0336,-0.0351,-0.0843,19.4056,5.3735,-36.6288,57.9766,36.3506
111,3,cycling,0.823,9.2164,-0.1328,0.3505,0.2202,0.1675,24.1844,6.6802,-37.3652,115.7891,36.751
112,3,cycling,0.9329,9.3699,-0.008,0.3892,0.1276,0.1601,19.4671,6.6319,-39.143,131.2763,37.2747
113,3,lying,-0.1928,-0.3545,8.9836,0.0212,0.0053,0.006,23.896,5.48,-41.4597,67.9957,36.2979
114,3,cycling,0.6632,9.1371,0.6892,0.3075,0.218,0.1597,20.4488,6.1738,-40.382,125.8338,37.1703
115,3,sitting,-0.0521,10.2188,0.4244,-0.0174,-0.0315,-0.0589,18.215,5.5579,-35.63,78.4349,36.6312
116,3,standing,0.3997,9.4872,0.2397,0.036,0.0445,0.0263,18.0395,4.9689,-39.6537,78.9557,36.7135
117,3,running,1.4969,8.8954,1.1801,0.4697,0.2775,0.3922,21.1723,2.0504,-44.8888,154.9482,37.3833
118,3,cycling,1.059,9.2738,0.5324,0.2718,0.1715,0.1123,20.249,5.5163,-37.7396,120.281,37.302
119,3,sitting,0.1471,9.8591,0.0594,-0.0005,0.0282,-0.0508,16.4119,7.5605,-40.7351,72.0208,36.3563
120,3,cycling,0.509,9.381,0.5438,0.2358,0.1654,0.0649,19.6021,3.7582,-39.6742,119.1479,36.9261
121,3,standing,0.0147,9.764,-0.2336,0.0598,0.0613,0.0172,22.5621,1.5305,-35.5689,75.3465,36.5241
122,3,sitting,0.2288,9.7582,-0.7346,0.0874,-0.0971,0.0137,21.6661,1.8918,-40.0345,62.8809,36.31
123,3,sitting,0.1401,9.8141,-0.269,-0.0482,0.0614,-0.0665,19.1685,6.4028,-38.3987,57.4526,36.7234
124,3,cycling,0.2203,9.0031,0.2325,0.3526,0.1991,0.0799,17.9272,6.0226,-41.8897,122.5468,37.1863
125,3,walking,0.6701,9.3256,-0.2796,0.08,0.0233,0.0711,18.7436,4.9652,-39.4373,85.736,36.7904
126,3,sitting,-0.5734,9.6889,0.0558,0.0199,-0.1016,0.0314,18.4716,3.5791,-33.9082,67.7487,36.6145
127,3,sitting,0.5677,9.6702,0.1211,0.007,0.035,0.0066,18.385,4.2032,-36.1888,70.8716,36.5167
128,3,sitting,-0.094,9.6392,0.1083,0.0208,0.0281,0.0281,21.3354,5.2155,-38.6175,70.6458,36.6105
129,3,running,1.4113,9.2064,0.3577,0.393,0.3079,0.2839,19.4135,5.0926,-38.133,147.5043,37.7282
130,3,running,1.3979,9.2742,0.8002,0.4242,0.2635,0.4333,20.2976,3.8597,-39.109,148.6648,37.1836
131,3,sitting,0.1233,9.8246,0.2875,-0.0844,0.0301,-0.0252,17.929,7.1162,-39.1113,67.2873,36.5675
132,3,cycling,0.7373,9.0517,-0.0847,0.3263,0.151,0.2749,17.1838,2.6135,-41.8372,110.7821,37.1395
133,3,sitting,0.2614,9.7113,0.1044,-0.0466,0.0223,-0.0103,19.431,4.3782,-38.3488,73.6619,36.5022
134,3,lying,0.0016,-0.2011,9.6341,-0.0473,-0.0093,0.0076,22.7345,4.8833,-38.6604,59.6923,36.2888
135,3,standing,0.4213,9.999,0.2506,-0.0307,0.0966,0.0452,20.6255,7.0615,-39.9801,73.8528,36.739
136,3,lying,-0.1503,-0.6468,9.7378,-0.0391,0.0169,0.0343,23.1733,4.4328,-41.5969,59.902,36.4191
137,3,lying,0.2449,0.6366,9.8313,0.0306,-0.0502,0.0784,18.3209,4.3339,-36.3351,66.0531,36.2066
138,3,cycling,0.6321,9.5762,0.4244,0.2945,0.1476,0.0827,22.4838,6.0108,-41.4943,118.5089,37.0866
139,3,sitting,-0.8266,9.9745,0.2055,-0.0093,-0.0413,0.0085,14.9151,4.8881,-40.964,69.5616,36.429
140,3,cycling,0.3975,9.2333,0.1534,0.3052,0.1296,0.1423,21.308,2.6732,-36.7808,115.7605,36.8807
141,3,standing,0.3284,10.0222,0.5391,0.0858,0.0598,0.01,18.6105,4.849,-38.1656,78.0305,36.4363
142,3,cycling,0.4282,9.4739,0.2374,0.4505,0.1914,0.085,19.3054,7.2736,-42.9109,121.5278,37.2117
143,3,walking,0.0539,10.087,0.1812,0.0683,0.0612,0.0454,21.2971,6.1323,-43.4945,89.1171,36.7856
144,3,standing,0.1443,9.827,0.0105,0.0838,-0.0108,0.0568,17.8386,4.5214,-38.1442,75.4396,36.4764
145,3,lying,0.454,0.3937,9.8938,0.0433,0.073,0.0259,22.0155,2.6416,-41.1497,58.7472,36.5521
146,3,sitting,0.1331,10.3618,0.2162,0.0931,-0.0319,-0.0105,21.076,4.3568,-39.6614,70.6227,36.3771
147,3,walking,0.3316,9.1544,0.4178,0.0523,0.03,0.1233,20.654,-0.2594,-40.4667,82.3883,36.9242
148,3,standing,0.0803,9.6161,-0.4961,0.0016,0.0234,-0.0158,17.7883,8.9734,-40.9897,70.7208,36.4961
149,3,sitting,-0.2778,9.5202,0.3667,0.045,0.0063,0.023,21.0736,5.0487,-41.0446,66.9876,36.3255
150,3,walking,0.4701,9.8004,0.0109,0.1225,0.0124,0.0514,22.5681,5.5724,-40.2733,81.1031,36.733
151,3,running,0.8372,9.0387,0.9224,0.5508,0.3103,0.4898,19.6307,6.2163,-37.5126,151.3434,37.6746
152,3,walking,0.288,9.6358,0.4023,0.1497,0.039,0.1028,23.6459,3.7821,-39.9846,84.3951,36.9144
153,3,running,1.8189,8.842,0.913,0.4809,0.2644,0.4302,22.1862,5.3573,-38.904,143.9273,37.4215
154,3,sitting,-0.2518,9.7747,-0.1317,0.0106,0.0379,-0.0788,16.7705,4.9144,-42.4931,62.489,36.8472
155,3,running,1.4942,9.1858,0.778,0.5884,0.3152,0.3329,22.627,5.2364,-37.9219,144.9382,37.4602
156,3,sitting,-0.1415,9.6984,-0.1143,-0.026,-0.0185,-0.0098,17.8752,1.2232,-38.8673,64.5453,36.0446
157,3,standing,0.0129,9.4611,-0.1309,0.0052,0.0311,-0.0859,20.4886,3.7528,-41.868,71.0906,36.5103
158,3,cycling,0.5623,9.2878,0.9468,0.3382,0.2294,0.148,18.4257,2.3774,-38.3297,117.4444,37.3129
159,3,standing,-0.16,9.9147,-0.5008,0.0476,0.0134,0.0588,22.1274,4.8862,-42.3639,70.9559,36.4334
160,3,cycling,0.5532,9.2395,0.4513,0.3302,0.1828,0.1906,21.4366,8.4714,-40.1989,119.8299,37.132
161,3,cycling,0.3885,8.7242,0.1484,0.358,0.167,0.2111,20.6785,0.5565,-43.2487,130.3151,36.9241
162,3,running,1.8411,9.0628,0.8211,0.4851,0.3369,0.3856,18.5245,2.5411,-41.715,151.9288,37.7709
163,3,standing,-0.5027,9.1019,0.4893,-0.015,-0.0435,0.1057,20.956,2.9377,-43.5868,75.9454,36.4598
164,3,cycling,0.3924,9.1099,0.4233,0.3451,0.2266,0.2042,18.3092,4.5658,-41.7311,112.355,37.5191
165,3,sitting,-0.0677,9.7173,0.2466,-0.0199,0.0068,0.0346,20.7457,4.734,-38.5083,69.2206,36.8381
166,3,standing,0.1869,10.1949,0.2497,-0.0512,0.0096,-0.005,21.4893,5.5065,-41.8617,78.7166,36.5294
167,3,running,1.0576,8.9838,0.9457,0.537,0.2957,0.4157,19.367,8.4506,-39.5905,146.3768,37.5347
168,3,running,1.385,9.1627,0.5373,0.5235,0.3304,0.3961,19.4917,4.3012,-38.2013,147.0654,37.5797
169,3,running,1.8364,9.0191,0.4901,0.4842,0.2187,0.3453,18.2738,2.8548,-43.0848,155.2495,37.5456
170,3,walking,0.6792,9.598,0.3606,0.1034,0.1089,0.0559,19.6415,6.6422,-40.5285,88.0128,37.0194
171,3,sitting,-0.1146,9.5944,-0.7151,-0.0218,-0.0184,0.0534,18.3074,7.53,-41.0206,74.7874,36.1819
172,3,cycling,0.6813,8.5905,-0.0357,0.2259,0.2722,0.1296,22.5004,2.4181,-39.0363,119.2478,37.0281
173,3,cycling,0.666,8.6496,0.1266,0.3143,0.176,0.1577,24.2985,6.8629,-42.7896,120.126,37.3325
174,3,running,0.6049,8.7479,1.0738,0.5093,0.2625,0.3438,18.5902,5.32,-43.1268,158.2125,37.6441
175,3,standing,0.4471,9.4184,0.1361,-0.0577,-0.0133,0.0666,19.4798,4.527,-38.7112,80.0463,36.686
176,3,walking,0.0033,9.5304,0.5809,0.1736,0.0045,0.1486,21.6555,5.9916,-38.9585,97.8495,36.8731
177,3,standing,-0.521,9.6144,-0.4835,-0.0025,0.0384,0.0132,21.5458,8.8365,-40.0473,70.0921,36.393
178,3,cycling,0.4771,9.2562,0.756,0.2724,0.2489,0.1519,19.5947,5.6686,-38.7031,117.972,37.4767
179,3,running,1.5043,9.1365,0.9023,0.5012,0.2889,0.3776,19.2597,5.6202,-39.3097,144.7496,37.3114
180,3,cycling,0.2652,8.8927,0.0237,0.2933,0.206,0.1697,18.573,8.6326,-41.9759,122.1783,36.9961
181,3,standing,-0.2182,10.0127,-0.2013,0.0456,-0.0035,-0.1163,20.9455,5.4753,-38.2483,69.8274,36.381
182,3,standing,-0.3953,9.4261,-0.2408,0.0475,0.0184,-0.0094,18.6373,3.4445,-40.6435,77.6404,36.4121
183,3,cycling,0.4717,8.9738,0.4465,0.3226,0.1915,0.1306,21.7953,4.5942,-38.9046,116.3643,37.1546
184,3,standing,-0.1181,9.6044,-0.0575,-0.0115,0.0425,-0.1014,17.6145,4.0295,-40.8969,74.715,36.5173
185,3,cycling,0.8348,9.0941,-0.1224,0.3356,0.1811,0.105,22.8118,2.0491,-41.9983,129.7588,37.0426
186,3,lying,0.2075,0.1023,9.9743,0.035,0.0067,-0.0368,18.6638,3.801,-40.2743,46.3536,36.4477
187,3,standing,-0.2472,9.8348,0.3012,-0.0682,-0.0042,-0.0532,19.0564,6.971,-40.2431,80.3497,36.7304
188,3,cycling,0.5608,8.7775,0.3506,0.3412,0.2831,0.1665,18.8159,5.7584,-45.8093,115.1012,36.9019
189,3,running,1.3994,9.3852,1.1368,0.6054,0.2965,0.4063,20.3863,3.7752,-40.1927,139.1574,37.2761
190,3,standing,0.0202,10.3171,0.1756,0.0024,0.0145,0.0565,23.1591,4.3409,-36.1876,64.6723,36.6742
191,3,sitting,0.1943,9.5889,0.6896,0.0376,-0.0612,0.053,23.165,0.4593,-40.7877,64.5785,36.1698
192,3,sitting,0.052,9.4206,0.1843,-0.0676,-0.0216,0.0093,19.3256,6.2452,-39.6735,71.0016,36.5312
193,3,cycling,0.1815,8.9583,0.413,0.1978,0.2062,0.0875,20.3261,4.6151,-38.5888,116.8471,37.2918
194,3,running,1.4934,8.7023,0.6042,0.5025,0.2653,0.3412,21.7579,5.604,-39.2725,145.6315,37.4569
195,3,cycling,0.7834,9.5019,0.2439,0.2207,0.0907,0.2778,21.335,4.5301,-38.2316,112.6207,37.3297
196,3,standing,-0.5461,9.8514,-0.0861,-0.0297,-0.0365,0.0985,20.7935,6.6539,-39.1005,83.6176,36.8509
197,3,running,1.3797,8.7086,0.6686,0.4438,0.2639,0.4333,21.5823,4.6737,-41.7077,150.8102,37.8047
198,3,lying,-0.5568,0.0895,9.616,0.0456,0.0262,-0.0811,23.3319,-0.4505,-40.6781,59.2453,36.5661
199,3,cycling,0.8544,9.3121,0.6523,0.2828,0.2144,0.1083,20.6223,3.6195,-39.6148,117.5538,37.161
200,3,cycling,0.7188,9.3364,0.5952,0.2239,0.2279,0.1901,19.7572,6.3946,-39.9201,120.9945,37.2655
201,3,running,1.682,9.5138,1.2308,0.5301,0.3385,0.4042,18.032,2.6698,-43.9523,139.8992,37.4452
202,3,walking,0.2807,9.4091,0.4032,0.0382,0.0291,0.1315,18.484,6.7399,-38.2787,86.5568,36.8298
203,3,running,1.5599,8.8432,1.1309,0.4634,0.2018,0.3834,18.5757,4.9098,-41.0451,153.7136,37.3292
204,3,standing,0.4232,9.765,0.1225,-0.0289,0.016,-0.0327,19.9044,4.9618,-39.5633,69.3599,36.3745
205,3,cycling,1.041,9.3156,0.7244,0.2482,0.2243,0.1794,18.5167,3.2985,-40.7514,122.2752,37.152
206,3,walking,0.6108,9.9039,0.2446,0.1441,0.0248,0.0838,21.796,7.5186,-42.8113,92.7884,36.5865
207,3,cycling,0.0836,8.6675,-0.1973,0.2953,0.1041,0.15,21.82,4.096,-40.0559,122.2523,37.1496
208,3,sitting,0.3282,10.0146,0.0833,0.0384,-0.0172,-0.0196,18.7735,3.8322,-39.8387,64.1998,36.5358
209,3,running,1.8018,8.7568,0.8867,0.4758,0.2793,0.3067,19.165,3.9241,-39.629,153.1527,37.7504
210,3,running,1.0637,8.1158,0.6613,0.5086,0.2111,0.3257,20.3185,5.0842,-39.4918,141.3696,37.4085
211,3,lying,0.7478,-0.1962,9.9636,-0.0529,0.0433,-0.1335,20.7189,3.639,-39.7531,64.4322,36.2963
212,3,walking,0.3041,10.1499,0.762,0.1146,0.0763,0.082,21.1826,6.272,-41.1786,87.7122,36.8749
213,3,running,1.5542,8.8587,0.7047,0.4542,0.29,0.338,19.643,6.6114,-35.8264,154.9702,37.6318
214,3,cycling,1.0779,8.7979,0.2427,0.2818,0.1376,0.1175,17.1902,3.6445,-42.352,114.9927,37.3817
215,3,cycling,0.3927,9.6102,0.1987,0.2081,0.136,0.2061,19.2366,4.9032,-39.0669,114.3969,37.306
216,3,walking,0.2455,9.2094,-0.2669,0.1321,0.0399,0.0995,20.0529,6.5252,-41.9778,88.9117,36.959
217,3,lying,-0.2486,0.0199,9.6268,-0.0084,0.0285,-0.0165,20.3794,2.034,-38.0891,66.2113,36.507
218,3,running,1.5462,9.3862,0.7434,0.5771,0.2623,0.3028,18.6494,6.6471,-42.0795,150.7258,37.5293
219,3,standing,-0.1464,10.0014,-0.4365,-0.0478,-0.0124,0.046,19.5493,3.44,-42.489,75.8871,36.7106
220,3,lying,-0.048,-0.1779,9.38,-0.0155,0.0191,0.022,24.4814,4.3534,-41.2394,65.1741,36.3493
221,3,sitting,-0.4518,9.768,0.2569,0.0558,-0.0281,0.0386,16.5227,4.2782,-42.3269,73.4882,36.4487
222,3,lying,0.0167,-0.0787,9.9691,-0.0416,-0.0151,0.0038,21.0966,4.1703,-40.8466,59.6019,36.5018
223,3,walking,0.1738,9.6117,0.5786,0.0871,-0.027,0.1266,25.6658,5.0622,-40.2302,85.7669,37.0018
224,3,running,1.3103,8.6649,1.1709,0.513,0.3261,0.4513,19.888,1.4373,-41.4014,152.3282,37.7965
225,3,walking,0.1066,9.7273,-0.1455,0.1207,0.1074,0.0671,16.595,4.5393,-38.0631,87.6561,36.8291
226,3,standing,-0.027,9.8188,0.4239,0.0764,-0.0508,0.0254,22.6635,4.3462,-41.0118,67.6399,36.5294
227,3,lying,-0.1743,0.1142,9.8434,-0.0039,-0.0437,0.0914,19.5353,5.4247,-42.3022,60.492,36.0887
228,3,cycling,0.6412,9.3313,-0.009,0.2237,0.2413,0.2264,24.11,4.5955,-38.3877,121.7188,37.2847
229,3,standing,0.2606,10.143,0.2194,-0.0443,0.044,0.0464,19.8775,5.2606,-39.6197,84.1685,36.6639
230,3,sitting,0.3806,9.9949,-0.3253,-0.0868,0.003,0.0772,20.2342,1.7841,-38.0178,61.3661,36.5089
231,3,running,1.0186,9.248,0.3243,0.4345,0.2679,0.3963,19.5334,6.9586,-39.1552,153.9548,37.6532
232,3,lying,0.0259,0.1347,10.386,0.0027,0.0347,-0.0363,15.0422,5.8147,-42.5436,51.5588,36.2813
233,3,walking,0.0668,9.8866,0.3562,0.1068,0.0657,0.1003,21.5778,7.0179,-40.9508,87.7486,36.8542
234,3,standing,0.1303,9.5789,0.1225,-0.074,0.0225,0.0098,23.0306,4.4528,-40.8263,69.7667,36.9081
235,3,walking,0.2214,9.6163,0.0901,0.1517,0.0364,0.0866,17.9341,4.3037,-39.3267,93.6891,36.6255
236,3,standing,-0.1382,9.7971,-0.0643,0.1076,-0.0498,-0.0287,22.9129,5.3739,-40.2584,74.1493,36.4881
237,3,running,1.2829,8.8,0.7671,0.4832,0.2556,0.3994,19.4536,1.4542,-40.5159,155.5617,37.4144
238,3,lying,-0.5568,-0.2755,9.7014,-0.0223,0.0089,-0.0306,18.8764,2.919,-42.5473,54.437,36.4135
239,3,running,1.1632,8.8085,1.1576,0.5875,0.3092,0.3112,17.4688,4.7971,-37.9799,140.5305,37.671
240,3,lying,0.4984,0.2209,9.7573,0.0088,-0.0397,0.0146,24.0239,4.5577,-38.9119,63.1308,36.4175
241,3,running,1.6416,8.8527,1.142,0.6153,0.2467,0.4009,22.2231,5.877,-40.4143,143.8024,37.3241
242,3,cycling,0.8695,8.9365,-0.0052,0.3045,0.1568,0.1349,23.6109,8.5773,-38.36,111.646,37.2394
243,3,cycling,1.0344,9.1496,0.6352,0.2534,0.1809,0.1116,17.7745,7.4196,-38.1331,123.6383,37.2089
244,3,running,0.765,9.4195,0.749,0.5369,0.285,0.4438,16.7738,2.3474,-36.4083,147.3188,37.5131
245,3,lying,0.6122,-0.0504,10.0433,-0.0832,0.0112,-0.0954,21.7011,4.8416,-39.2247,66.9623,36.5516
246,3,running,1.5257,9.3393,0.9779,0.5146,0.2676,0.4333,23.7613,2.1053,-41.8196,153.9646,37.8283
247,3,sitting,-0.2611,9.6868,-0.1556,-0.0303,-0.025,0.0415,19.1258,7.1178,-40.9658,74.8387,36.4073
248,3,standing,0.3228,10.3516,-0.1185,0.0941,0.0048,0.0217,22.0566,5.7436,-37.9675,79.6683,36.6541
249,3,lying,-0.2979,-0.0532,9.9695,0.0366,0.0069,0.0298,20.357,4.3512,-39.8463,64.7957,36.5308
250,3,lying,-0.5463,-0.099,9.4721,0.0387,-0.0237,-0.0713,20.69,6.0391,-39.9866,58.054,36.6437
251,3,standing,-0.0379,10.2733,0.0177,0.0268,0.0296,0.0543,15.2985,2.5592,-40.9576,73.6306,36.4784
252,3,sitting,0.0283,9.6321,-0.3876,-0.0425,-0.0151,0.0359,20.6592,4.7563,-40.7708,67.2748,36.5319
253,3,walking,0.5019,9.6333,0.2072,0.1353,0.015,0.0619,20.6846,6.053,-41.0214,95.3901,37.0902
254,3,cycling,0.8414,9.958,-0.2394,0.307,0.2376,0.2269,14.8838,9.0245,-39.0367,121.3481,37.7024
255,3,sitting,0.3741,10.1105,0.1439,0.0062,0.016,0.0351,19.4451,-1.4783,-40.5388,73.3404,36.7233
256,3,running,1.3818,8.7679,0.545,0.5152,0.2735,0.4554,19.0806,7.5951,-40.2404,147.8634,37.3727
257,3,walking,-0.0281,8.9821,0.3925,0.0797,0.068,0.0387,22.9149,8.5212,-40.8821,83.1947,36.7202
258,3,cycling,0.9327,9.0724,-0.0426,0.3661,0.1119,0.079,19.4377,4.5103,-40.8072,133.7181,37.1417
259,3,cycling,0.6594,9.8954,0.3381,0.3136,0.18,0.1425,19.0511,5.6672,-38.2795,127.5807,36.8952
260,3,standing,0.1374,9.7179,0.2032,-0.0052,0.0022,0.002,20.6277,8.5928,-42.6501,74.6686,36.4695
261,3,walking,0.7522,9.6404,0.5565,0.0867,-0.0595,0.1533,21.1468,8.3229,-40.3579,88.9832,36.9074
262,3,walking,0.4843,9.5616,0.2842,0.1293,0.0219,0.1735,19.0278,6.6589,-40.9819,88.2705,36.4605
263,3,sitting,0.4131,9.8453,-0.6061,0.0324,0.0001,0.0249,16.3496,7.7211,-40.5226,59.5598,36.7819
264,3,lying,-0.1024,0.1148,9.7248,-0.0514,-0.0039,0.0384,19.8422,4.6626,-37.7967,62.8495,36.366
265,3,running,0.6542,9.1777,1.2283,0.5523,0.3421,0.3925,22.4671,6.6672,-40.9367,153.1436,37.5054
266,3,running,1.2215,9.0961,1.0617,0.4886,0.3115,0.3457,21.5034,5.0022,-39.7959,148.6379,37.3308
267,3,lying,-0.0566,0.5913,9.9113,0.1076,-0.0668,-0.0197,20.5906,2.8846,-40.9802,62.7416,36.2038
268,3,lying,0.1411,0.3607,9.507,0.0152,0.0248,-0.0068,19.5418,3.0777,-39.8275,62.2514,36.629
269,3,cycling,0.2477,10.2093,0.0688,0.3067,0.2492,0.1355,21.0243,6.3101,-37.6216,116.0381,37.1249
270,3,sitting,0.2001,9.4153,0.6426,0.001,0.0474,-0.0829,17.4039,5.3456,-40.9791,67.9784,36.4122
271,3,cycling,0.6278,9.7776,0.3645,0.2954,0.2363,0.1209,18.247,7.7243,-40.6359,122.281,37.348
272,3,standing,-0.5151,10.1398,-0.0358,0.1296,-0.0448,0.0731,21.4965,5.4888,-39.2117,75.8307,36.9763
273,3,walking,0.3898,9.0653,-0.2416,0.1045,0.1149,0.06,18.3547,1.1055,-39.2773,91.825,37.0536
274,3,running,1.3793,8.6044,1.0207,0.4539,0.3548,0.4273,19.8928,5.8489,-41.0813,153.1315,37.3317
275,3,running,1.558,8.905,0.872,0.5468,0.4005,0.4032,18.5101,3.5073,-39.0117,152.1966,37.5364
276,3,cycling,0.136,9.4884,0.3428,0.211,0.1975,0.1995,19.5389,6.405,-42.6853,119.464,37.3652
277,3,walking,0.5281,9.0764,0.1494,0.2198,0.1051,0.0438,22.1704,8.2224,-38.261,92.5631,36.6891
278,3,cycling,0.3209,9.1372,-0.2569,0.3277,0.1818,0.1279,20.7914,1.7199,-41.9418,116.3872,36.7867
279,3,sitting,-0.0957,9.9258,-0.1174,0.0858,-0.0862,0.0067,22.0346,3.9406,-37.3005,72.8228,36.4247
280,3,sitting,0.1753,10.1515,0.6356,0.0168,0.0861,0.0153,18.0293,5.2203,-39.183,74.9565,36.4391
281,3,walking,0.5545,9.6881,0.4457,0.0606,-0.0135,0.0673,20.0516,4.2102,-40.8846,92.7827,36.603
282,3,walking,0.0926,9.3535,0.2618,0.047,-0.0369,0.1306,18.2449,3.5119,-41.2093,90.6421,36.9019
283,3,running,0.7486,9.2675,0.7509,0.5276,0.245,0.3771,21.39,3.1529,-40.582,147.614,37.5322
284,3,walking,0.3723,9.5119,-0.1106,0.021,0.0174,0.1173,19.6498,7.0227,-42.6269,89.134,36.5517
285,3,walking,0.5763,9.6147,0.0339,0.0855,0.006,0.0704,18.0908,2.2532,-42.6257,90.2237,36.8182
286,3,lying,-0.0086,-0.157,9.9575,0.005,-0.0274,0.0813,23.6658,6.4974,-36.3094,60.4832,36.1603
287,3,walking,0.4954,9.433,0.0682,0.0471,0.0614,0.0951,22.7118,4.8235,-41.5474,82.8907,36.7583
288,3,cycling,0.3585,8.8537,0.5181,0.2651,0.1878,0.1624,17.3551,6.78,-40.1248,115.2323,37.0081
289,3,walking,-0.0942,9.4496,0.1741,0.0446,0.0493,0.1596,19.433,6.1625,-39.7969,85.2729,36.7183
290,3,running,0.6908,8.9285,0.3554,0.4122,0.1503,0.4296,18.1312,6.738,-37.9351,145.4313,37.7613
291,3,walking,0.4494,9.8193,0.25,0.1013,0.0795,0.0779,21.51,2.8624,-41.351,88.6568,36.6458
292,3,running,1.09,9.2687,1.3619,0.6584,0.3036,0.4805,22.2518,9.9044,-38.4322,145.0143,37.6055
293,3,lying,0.3964,0.5058,9.8329,-0.0677,-0.054,-0.0259,19.7233,5.1331,-38.8157,60.3607,35.7928
294,3,cycling,0.3886,9.5088,0.0611,0.3049,0.2646,0.1833,18.1232,5.4332,-43.1232,115.1315,37.3497
295,3,sitting,0.152,9.5612,0.0626,-0.0697,0.0634,0.0198,20.0104,4.2891,-39.6869,74.1904,36.578
296,3,cycling,0.3202,9.1142,0.2591,0.2863,0.1397,0.1982,20.7985,3.1214,-41.6592,124.228,37.1547
297,3,lying,-0.1001,0.1297,10.1332,0.0172,-0.0194,-0.0008,16.6978,3.5008,-40.6275,65.4047,36.4336
298,3,lying,0.041,-0.0507,10.2148,-0.0496,-0.0183,-0.0212,22.3771,9.2735,-40.7554,54.5619,36.103
299,3,sitting,-0.5103,9.7298,-0.1575,-0.0074,-0.0111,0.0957,21.7981,5.9023,-36.4751,74.3431,36.3755
300,3,lying,0.3968,0.1615,9.5691,0.0333,0.0503,0.0926,17.0071,4.8124,-40.7722,54.7612,36.4369
301,3,sitting,0.1623,9.5157,0.0888,0.0845,-0.0786,-0.0462,23.4938,6.6593,-43.0297,65.3539,36.7088
302,3,walking,0.1502,9.223,0.4779,0.0494,-0.023,-0.0186,17.0332,9.1156,-41.0455,92.6011,36.9615
303,3,cycling,0.4768,8.8428,0.2614,0.2305,0.2658,0.1587,19.0058,4.1389,-37.6513,113.8044,37.1758
304,3,cycling,0.0477,9.0962,0.0661,0.3183,0.187,0.1875,19.8596,5.0968,-43.626,121.6129,37.3482
305,3,running,0.9724,8.704,0.7535,0.487,0.3224,0.4078,17.2603,6.322,-38.1219,151.6023,37.7285
306,3,cycling,0.2797,8.9938,0.4753,0.2951,0.1816,0.2237,17.7203,4.6657,-37.0918,127.5526,37.2963
307,3,cycling,0.6541,9.4475,0.0643,0.3139,0.2119,0.1854,20.9637,9.4554,-39.3533,120.2908,37.326
308,3,cycling,0.5086,9.2569,0.1288,0.4136,0.2071,0.1867,20.6761,3.8995,-35.5604,108.3782,37.1667
309,3,walking,0.1235,9.1783,0.1412,0.1352,0.0242,0.112,20.5829,5.294,-42.5742,96.5681,36.6946
310,3,cycling,-0.0693,9.2695,0.4276,0.3512,0.1945,0.0825,18.2006,5.9204,-42.799,122.212,37.3316
311,3,running,1.4918,9.0146,0.9549,0.4943,0.2419,0.4523,19.5629,5.2507,-39.0996,137.4806,37.4283
312,3,running,1.3176,8.8593,0.5722,0.5375,0.2316,0.3744,23.0737,2.8225,-42.2838,144.9313,37.608
313,3,cycling,0.4546,8.6108,0.1953,0.2787,0.1699,0.1538,18.2624,2.0458,-40.0255,118.5044,36.7229
314,3,walking,0.2914,9.6726,0.7464,0.1844,0.0499,0.1962,20.5715,3.0403,-40.2616,88.158,36.937
315,3,standing,-0.2491,9.6427,-0.2486,0.0645,-0.0281,0.0251,17.539,-0.7367,-37.3752,71.8295,36.4507
316,3,cycling,0.7037,8.7825,0.2582,0.3475,0.2251,0.1676,17.5519,5.7077,-39.1565,128.9382,37.1054
317,3,running,1.1328,9.3036,0.4493,0.5348,0.2843,0.4184,20.0735,4.1702,-38.7342,146.8782,37.2271
318,3,standing,-0.4376,9.2684,0.0843,0.1265,0.036,-0.0576,18.9701,7.263,-38.1929,76.823,36.8244
319,3,standing,-0.1246,9.564,0.2774,0.0213,0.015,-0.0185,19.9309,8.7166,-38.2127,75.3635,36.49
320,3,cycling,0.8692,9.217,0.1829,0.3623,0.2513,0.1796,19.153,1.9708,-38.4865,116.0381,37.0013
321,3,sitting,-0.5867,9.6926,0.4107,-0.0565,-0.0212,0.0485,18.2846,3.4379,-38.2793,63.5207,36.1895
322,3,lying,0.3157,0.219,9.4236,-0.0281,-0.0137,-0.0568,22.5261,4.1656,-41.1823,62.4575,36.4585
323,3,cycling,-0.2219,9.1499,0.132,0.1822,0.1154,0.1673,19.3342,9.8257,-44.9477,113.5687,37.4334
324,3,walking,0.2683,9.6789,0.3484,0.1403,0.0593,0.0815,18.8885,3.8128,-40.0147,90.1816,36.6889
325,3,cycling,0.6179,9.4626,0.2147,0.2566,0.2204,0.1088,21.4339,7.6448,-40.3891,121.7421,37.1251
326,3,standing,-0.2251,9.6922,0.369,0.0169,-0.0646,0.1266,20.5028,4.1391,-39.7728,74.9221,36.6549
327,3,lying,0.555,0.039,9.1478,-0.0124,0.0095,0.0502,18.2871,3.1459,-40.2769,63.5171,36.4506
328,3,standing,-0.3775,9.7785,-0.1654,-0.0008,0.0355,0.034,21.2636,2.6216,-40.2648,83.7762,36.474
329,3,cycling,0.204,9.3067,-0.6081,0.3586,0.107,0.1009,18.5991,8.9837,-43.1664,117.7435,37.2417
330,3,lying,0.1237,0.0774,9.8818,0.0219,0.0628,-0.0246,21.8729,6.0608,-40.1706,59.0395,36.3844
331,3,lying,-0.1371,0.0524,10.1668,-0.058,-0.0566,0.0275,15.3565,0.3608,-42.7694,60.0531,36.5445
332,3,sitting,0.11,9.7948,0.0512,0.0377,-0.029,-0.0103,18.8604,1.29,-41.3189,76.4238,36.5144
333,3,sitting,-0.5844,10.0067,0.0689,-0.0373,0.0211,0.0055,21.8634,6.0919,-36.3434,62.4715,36.4778
334,3,running,1.3055,9.1493,0.2477,0.514,0.3342,0.4636,23.7509,3.6997,-38.2989,148.9719,37.4352
335,3,standing,0.0446,9.7983,-0.41,0.0126,-0.0618,-0.0442,15.9987,5.6517,-38.8458,82.1422,36.429
336,3,cycling,0.3356,9.2486,0.4476,0.3172,0.1275,0.1823,20.6401,4.6559,-40.3656,127.4118,37.5864
337,3,lying,0.3443,-0.2326,9.8426,0.0069,0.0082,-0.0445,18.6139,7.1327,-38.9884,58.4469,36.2542
338,3,cycling,-0.0266,8.6554,0.4453,0.3027,0.1814,0.213,20.3304,7.6663,-41.7636,112.8337,37.3263
339,3,walking,0.4108,9.5351,-0.015,0.1393,0.1326,0.1848,20.5829,3.3646,-37.9235,95.3473,36.8663
340,3,lying,-0.1987,0.2692,9.1401,-0.134,-0.0,-0.0386,16.9221,2.726,-42.8275,64.1117,36.1207
341,3,cycling,0.4915,8.9159,0.3204,0.2851,0.1582,0.1696,19.6419,5.2638,-39.139,120.5035,37.1113
342,3,standing,0.2356,9.9466,-0.0142,-0.0087,0.0676,0.0663,20.285,4.6891,-41.3993,72.4344,36.2411
343,3,sitting,0.3881,9.9687,0.4493,-0.0035,-0.0107,-0.0148,19.8379,4.1982,-41.6623,73.4769,37.0015
344,3,standing,0.147,10.5318,0.1106,-0.0147,-0.0574,-0.0608,20.6184,6.6166,-42.0031,72.0976,36.3267
345,3,cycling,0.7151,9.5063,0.5332,0.2476,0.1038,0.2151,21.5224,3.4437,-39.1546,116.1678,37.1169
346,3,walking,0.7237,9.1521,-0.2411,0.0446,-0.019,0.1398,17.3742,4.2417,-38.0194,94.9103,36.9364
347,3,cycling,0.0702,8.9595,-0.214,0.2783,0.2274,0.1888,20.7348,4.8865,-40.4502,124.9164,37.0254
348,3,standing,0.5331,9.7889,0.2796,-0.0026,0.04,0.07,18.119,8.0709,-39.5986,82.0328,36.7338
349,3,standing,-0.3167,9.4515,-0.5405,-0.0135,0.0877,-0.0022,23.1257,3.1705,-42.8571,79.1865,36.8281
350,3,cycling,0.4229,9.2429,0.1954,0.3991,0.1467,0.1653,22.1483,4.9351,-37.0404,116.336,37.7511
351,3,walking,0.6394,9.2066,-0.1465,0.0294,0.0084,0.1223,19.6191,4.82,-38.9934,100.7117,36.8758
352,3,lying,0.4249,0.0209,10.0334,0.0103,0.0151,0.0285,14.2779,7.5937,-39.9273,63.5563,36.6181
353,3,lying,-0.1938,-0.1205,9.855,-0.0232,0.0133,0.017,18.2215,5.2884,-41.9129,68.6034,36.455
354,3,running,1.641,8.9443,0.7405,0.5317,0.3124,0.3132,20.6552,3.0733,-42.1283,148.862,37.2085
355,3,sitting,0.1309,9.7071,-0.2228,0.0012,-0.046,0.0173,18.5893,7.6879,-38.8642,68.6287,36.4795
356,3,walking,0.2716,9.8557,0.0767,0.1165,0.1135,0.0654,22.6403,4.4525,-39.5432,88.0498,37.3399
357,3,sitting,-0.1464,9.9486,0.2903,0.0248,-0.0147,0.0008,18.5787,6.7928,-42.0956,66.2088,36.8426
358,3,running,0.9607,8.7198,1.0298,0.5462,0.3132,0.3695,22.075,4.2263,-39.1316,149.0226,37.3118
359,3,sitting,-0.0789,10.0009,0.1967,0.0375,-0.0961,0.0187,20.2255,2.9255,-41.7476,72.189,36.3884
360,3,sitting,0.5627,10.6062,-0.8161,-0.0178,0.0898,-0.0213,22.0351,5.6465,-38.7666,73.701,36.5566
361,3,lying,0.06,0.4102,10.0982,-0.029,0.0286,-0.0222,20.3662,2.7701,-39.7073,63.0463,36.5307
362,3,standing,0.1711,9.6854,-0.1708,-0.0328,-0.0362,-0.0278,21.8565,5.5654,-39.7187,79.9139,36.6592
363,3,standing,-0.1108,9.668,-0.3853,0.0681,-0.0419,0.0504,21.4268,6.0083,-38.9386,78.3184,36.5955
364,3,cycling,0.6528,9.0394,0.2812,0.3139,0.2299,0.1358,20.1195,6.0612,-40.3902,110.4985,37.1748
365,3,sitting,0.5439,9.3102,0.07,0.0403,-0.018,0.0283,23.0072,7.0452,-38.8041,72.4171,36.3854
366,3,lying,0.2863,0.3644,9.6001,0.0616,0.0184,0.091,19.8149,2.7351,-40.2825,62.2964,37.1398
367,3,sitting,0.0322,10.5543,-0.1742,-0.0043,0.0092,0.0233,21.7434,4.649,-42.1828,63.5274,36.3304
368,3,running,1.3228,8.9072,0.4306,0.4137,0.3107,0.3721,20.2376,3.2726,-39.7497,154.3873,37.6874
369,3,walking,0.7258,9.7597,0.9304,0.0593,-0.0033,0.1324,22.9523,5.7657,-40.3822,93.0179,36.7197
370,3,walking,-0.0456,10.0096,0.6091,0.0909,0.0642,0.1298,20.6035,5.6079,-41.6008,90.6213,36.9658
371,3,sitting,0.254,9.6288,0.4693,0.0551,-0.0572,0.0542,20.3457,6.9082,-39.8602,69.3387,36.4547
372,3,walking,0.3384,9.4237,0.3129,0.1278,0.1085,-0.0095,22.3108,1.4463,-39.068,90.4528,36.413
373,3,standing,-0.5635,10.0165,0.0136,0.0346,0.0249,0.0104,21.5136,1.1019,-38.6691,77.6895,36.5447
374,3,running,1.6218,9.5364,0.8619,0.4773,0.3384,0.3906,21.4679,3.4513,-39.5803,161.713,37.8219
375,3,standing,-0.2214,10.2566,-0.3482,-0.0724,0.113,-0.0492,18.7504,6.6689,-40.3426,78.8053,36.378
376,3,standing,-0.35,9.9582,0.3143,-0.0076,-0.0395,0.0778,23.0532,6.7368,-40.7368,73.4409,36.8109
377,3,running,0.8843,9.1344,0.1007,0.4744,0.3334,0.3929,21.0123,6.7576,-39.9715,145.3531,37.8295
378,3,running,0.9556,8.7843,0.705,0.4182,0.3123,0.37,19.2089,7.955,-40.4374,154.07,37.1762
379,3,walking,0.3858,9.6065,0.1461,0.0969,0.0413,0.115,24.5252,5.1694,-38.4616,94.3983,36.5686
380,3,standing,0.5112,9.2947,0.2815,0.0417,-0.0381,-0.0026,20.9939,6.7231,-38.066,72.7049,36.5711
381,3,sitting,0.0476,9.7296,-0.3801,-0.0289,0.0111,0.0093,22.1418,7.0208,-39.9225,71.0726,36.716
382,3,running,1.1899,9.2811,1.0967,0.4913,0.3795,0.394,21.1344,7.935,-40.3625,150.4313,37.5444
383,3,walking,0.795,9.1393,0.0699,0.0174,0.0905,0.0464,21.2701,2.591,-39.5205,87.092,36.7665
384,3,standing,-0.0992,9.6411,0.3608,0.0998,-0.0118,0.0502,20.0423,2.1112,-42.0212,76.7681,36.5778
385,3,standing,0.0482,9.9948,-0.1633,-0.0544,-0.0318,-0.0322,22.3135,0.2416,-37.7366,80.0834,36.8565
386,3,cycling,0.7358,8.9,0.4563,0.2952,0.2303,0.0973,21.0076,5.8065,-38.6576,121.0587,37.0202
387,3,cycling,0.8554,9.0851,0.1488,0.2414,0.1554,0.169,21.4538,6.8679,-42.9979,128.2871,37.1504
388,3,sitting,-0.0242,10.0734,-0.2234,-0.0327,-0.0409,0.002,22.3597,4.4035,-41.1744,69.479,36.4173
389,3,running,0.4667,9.379,0.6759,0.5531,0.3503,0.3587,20.7166,2.6667,-37.4994,158.4247,37.4706
390,3,standing,-0.0759,9.8179,0.1516,0.0802,0.0105,0.0756,18.7101,5.2774,-41.0088,74.1375,36.6953
391,3,running,1.1061,9.0545,0.7237,0.4739,0.217,0.5226,17.4188,4.0426,-38.0269,148.977,37.4865
392,3,cycling,0.2117,9.3098,0.4901,0.3405,0.1873,0.0122,21.9824,6.5896,-38.9126,118.8638,37.3644
393,3,sitting,0.2792,9.6706,0.0905,0.0448,0.0019,-0.0365,16.5695,6.0945,-39.2753,68.666,36.6979
394,3,standing,-0.1991,9.805,-0.4944,0.0079,0.067,0.0614,17.6295,8.7072,-38.2362,74.5323,36.6229
395,3,standing,-0.1578,9.5712,0.0717,-0.0535,0.0209,-0.0272,20.774,7.2869,-38.4826,75.9067,36.6797
396,3,lying,-0.1274,0.3552,9.8494,-0.0208,0.0616,-0.0718,18.2912,7.2769,-40.3653,61.087,36.4032
397,3,sitting,0.6331,9.6282,0.02,-0.0524,0.0128,-0.06,17.6149,6.1116,-41.8989,59.7092,36.6411
398,3,walking,0.1388,9.1963,0.2233,0.0995,0.0491,0.0242,15.4785,7.2445,-38.801,91.0329,36.7987
399,3,lying,-0.1005,0.3591,10.3603,-0.0541,-0.0931,-0.0217,19.6931,8.323,-37.5582,58.5877,36.4857
400,3,standing,-0.1361,10.0601,0.0968,-0.0481,0.0532,0.0144,18.8228,8.3567,-39.4586,78.5296,36.6872
401,3,cycling,1.1054,9.089,0.4543,0.2695,0.268,0.1354,17.9557,5.2828,-32.6236,111.0329,36.9292
402,3,walking,-0.3734,9.1163,-0.3134,0.1467,0.0538,0.1118,21.5388,2.8586,-43.2982,91.0232,36.6863
403,3,standing,0.0855,10.245,-0.246,0.0359,-0.0453,-0.0022,19.8648,4.5077,-42.3933,75.8734,36.5218
404,3,cycling,0.5416,9.1097,0.0887,0.2981,0.2408,0.0646,18.0589,7.0168,-42.6651,130.738,36.8642
405,3,standing,-0.0108,10.0958,0.328,0.0526,0.0296,-0.0194,19.3151,8.7597,-41.6334,72.779,36.6751
406,3,lying,-0.3559,0.4134,9.4006,0.098,-0.0031,0.009,21.7068,4.8523,-40.2986,53.8275,36.1979
407,3,cycling,0.8074,9.1403,-0.0693,0.2493,0.2371,0.1283,17.691,5.0247,-37.5663,124.9053,37.2516
408,3,standing,0.4366,10.1889,0.4348,-0.0015,0.0153,0.0675,18.7595,7.4343,-38.1182,76.4911,36.8469
409,3,cycling,0.4779,9.3699,0.5997,0.2545,0.2178,0.0897,19.6031,8.0333,-41.1787,123.0394,37.2279
410,3,sitting,-0.2173,9.7645,-0.1084,-0.0366,0.0534,0.1032,18.3992,8.0932,-39.9037,68.6259,36.445
411,3,walking,-0.2227,8.759,0.5971,0.0544,0.0822,-0.0106,20.732,6.9052,-39.4006,86.0883,36.333
412,3,cycling,0.1498,9.5756,0.8404,0.3209,0.1752,0.1104,21.7544,4.8055,-40.5079,124.9375,37.1913
413,3,cycling,-0.2234,9.2746,0.7307,0.2577,0.1789,0.1517,20.4926,5.5119,-39.5577,128.2051,37.4241
414,3,running,1.2434,8.6438,1.0102,0.4943,0.1933,0.4265,21.189,4.4026,-38.2126,153.2552,37.5975
415,3,running,0.9901,9.6574,1.4124,0.5303,0.2836,0.3276,17.1122,8.6432,-40.9576,155.4046,37.4985
416,3,walking,0.4885,9.4617,0.2318,0.1106,0.0475,0.1405,22.3412,4.2068,-43.2882,100.3264,36.6277
417,3,lying,-0.01,-0.7567,9.3438,-0.0436,-0.033,0.0019,22.5266,4.507,-38.9561,57.8419,36.3546
418,3,sitting,-0.1059,10.0609,-0.1622,-0.0676,0.0187,0.0508,19.1085,6.3954,-42.531,70.7636,36.6278
419,3,cycling,0.6518,8.6045,-0.0575,0.3461,0.1988,0.1097,23.419,3.423,-40.4889,123.6284,37.2236
420,3,lying,-0.7794,-0.1413,9.5978,0.0864,0.0771,0.0784,21.2848,3.926,-42.1408,64.7641,36.139
421,3,running,1.543,9.6738,0.7492,0.4852,0.3922,0.399,19.9898,8.1899,-41.7637,159.1872,37.7141
422,3,cycling,0.0746,9.2773,0.8822,0.2959,0.2957,0.0969,22.0215,3.8983,-41.4285,119.2006,37.1839
423,3,walking,0.348,10.1084,0.6662,0.1236,0.0249,0.131,21.5222,6.4714,-41.1873,87.0596,37.0155
424,3,cycling,0.388,8.7717,0.0948,0.202,0.2105,0.3016,19.8066,5.6254,-44.5356,115.8853,37.3288
425,3,lying,-0.4607,0.5189,9.7246,0.0007,0.0664,0.0681,20.9016,5.2448,-40.4996,60.4529,36.682
426,3,sitting,-0.0448,9.8108,-0.0366,-0.0022,0.047,0.0012,20.3453,6.4612,-42.5382,61.4798,36.7832
427,3,running,1.3974,8.8888,0.7376,0.4201,0.2815,0.3598,19.2742,5.2135,-41.2623,153.2274,37.2396
428,3,running,0.8253,8.6169,0.7396,0.5906,0.2154,0.3674,22.3556,3.7222,-38.3599,148.1417,37.7754
429,3,running,1.2132,8.7562,0.5471,0.4732,0.3866,0.3701,18.5876,4.2315,-40.9434,154.2426,37.2318
430,3,lying,-0.093,-0.2973,9.056,-0.0045,-0.0232,0.0022,19.7086,7.2753,-41.8464,52.6406,36.3806
431,3,sitting,0.125,9.3322,-0.477,-0.0681,0.019,-0.0661,22.1468,8.1229,-41.4412,64.7643,36.3322
432,3,lying,0.189,-0.2771,9.3126,-0.0335,0.0143,-0.0239,18.7481,5.6281,-36.8693,57.0833,36.4798
433,3,walking,-0.5198,9.4796,-0.0564,0.1047,-0.0368,0.1374,21.362,2.9488,-38.0248,85.5584,36.7301
434,3,running,1.3206,9.1034,1.0779,0.4684,0.4072,0.3903,18.0761,10.3315,-38.6519,154.2908,37.6714
435,3,standing,-0.0342,9.9693,0.1417,-0.0795,0.1231,0.0322,20.3197,4.6846,-39.8955,79.1756,36.3316
436,3,walking,0.0664,9.2085,-0.0589,0.0549,0.0764,0.0797,17.7739,4.4623,-39.583,96.1581,36.9003
437,3,sitting,-0.2656,9.8659,0.1396,0.0009,-0.0383,-0.0635,18.9865,2.5634,-40.7754,69.1933,36.5654
438,3,lying,-0.0548,0.1428,10.1165,0.0155,0.0133,-0.0508,19.5793,5.9735,-40.3172,60.1144,36.5516
439,3,running,1.2954,9.0109,1.2278,0.4939,0.357,0.3521,17.3961,2.9629,-40.4713,154.6654,37.3522
440,3,lying,0.0947,0.0292,9.9045,-0.0113,0.02,-0.0411,21.1918,6.7614,-38.1631,65.2155,36.1248
441,3,running,1.7842,8.8063,1.1783,0.6023,0.1982,0.4343,19.5273,1.3171,-37.5584,146.31,37.3345
442,3,running,1.2238,8.5823,0.7837,0.5261,0.2563,0.461,16.8237,5.551,-37.6241,149.7146,37.6267
443,3,lying,0.3297,0.0188,9.4867,0.0266,-0.0071,-0.0373,18.3871,7.2143,-42.1816,58.129,36.5651
444,3,walking,0.4468,9.5248,0.2413,0.2031,0.0123,0.1075,17.7214,5.6352,-41.8857,89.5486,36.621
445,3,running,0.8853,9.0169,1.1883,0.4523,0.2632,0.3807,19.1992,4.7226,-37.2341,150.4933,37.5347
446,3,standing,-0.2619,9.8103,-0.0536,-0.082,0.0404,0.0005,18.5586,3.413,-40.6475,74.6168,36.5974
447,3,running,0.951,8.9713,1.0052,0.5171,0.2674,0.3748,19.5559,5.1895,-42.945,150.9483,37.5031
448,3,standing,-0.0351,9.3533,0.1084,0.0271,0.0341,-0.0168,24.1343,5.8509,-40.0671,73.357,36.6382
449,3,standing,0.4018,9.2929,-0.3109,0.0923,-0.0105,-0.0322,21.7526,3.7772,-37.9224,71.0102,36.333
450,3,walking,0.189,9.4902,0.987,0.1301,0.0109,0.1144,19.8531,10.3524,-41.4153,81.2053,36.8072
451,3,sitting,0.21,9.4411,0.1764,0.0435,0.0063,0.0764,20.3073,4.9233,-42.3155,67.8143,36.3618
452,3,walking,0.5728,9.8697,0.014,0.1197,0.0419,0.0796,17.6129,2.4517,-41.845,87.8207,36.7658
453,3,lying,-0.6856,-0.1861,9.8412,-0.0462,-0.007,-0.0808,18.9039,9.638,-41.624,64.1007,36.5204
454,3,sitting,0.0291,9.9929,-0.1766,0.0583,-0.1337,-0.0112,20.9294,7.821,-43.4744,77.6262,36.5236
455,3,lying,0.1819,-0.3249,9.7702,-0.1286,-0.0605,0.046,25.8799,5.2029,-36.5142,63.3979,36.0368
456,3,standing,-0.0989,9.959,-0.2996,0.0203,-0.0624,-0.054,18.0404,8.3754,-36.7861,73.8923,36.6742
457,3,standing,0.1829,9.7316,-0.3561,-0.0565,-0.0081,0.0018,22.1819,4.4126,-40.9309,75.4424,36.4352
458,3,walking,0.6902,9.559,0.4645,0.0669,0.1068,0.1861,22.2419,6.8564,-40.9467,85.9801,36.8476
459,3,walking,0.4773,9.3692,0.2467,0.1304,-0.0468,0.0447,18.7688,3.552,-40.2531,95.8076,36.6356
460,3,sitting,-0.1991,10.3482,-0.008,0.0046,0.0332,0.0652,20.9215,4.609,-41.0349,63.678,36.6145
461,3,cycling,0.0854,9.0902,0.2864,0.3685,0.1878,0.108,16.7761,3.2567,-41.3454,116.9806,37.3983
462,3,cycling,0.5691,8.9124,-0.0489,0.3651,0.2202,0.0866,18.8577,9.9955,-39.4973,119.6488,36.8552
463,3,sitting,-0.7427,9.672,0.3439,-0.0325,-0.0447,0.0052,22.2903,5.1869,-41.5624,70.9596,36.6154
464,3,sitting,0.4484,9.577,-0.4451,-0.0832,0.0827,0.0841,21.283,8.2921,-36.9184,66.9327,36.7662
465,3,walking,0.2297,9.4108,0.0598,0.0879,0.0294,0.0786,19.1237,4.3216,-39.6789,81.4765,36.9638
466,3,sitting,0.0901,9.7121,0.6048,0.0492,0.1068,-0.0091,18.9475,5.3453,-44.1004,63.3103,36.3017
467,3,standing,0.0462,10.2901,0.0044,0.0333,0.0328,-0.0428,19.7309,4.6248,-41.3516,71.1893,36.7038
468,3,walking,0.4234,9.0892,0.3786,0.1166,0.0737,0.1074,24.3896,5.2729,-40.0685,85.4868,36.7949
469,3,sitting,-0.0999,9.8541,-0.1164,0.0614,-0.038,-0.001,25.3799,2.7247,-37.0177,83.3741,36.5877
470,3,running,1.3995,9.0206,0.9181,0.498,0.1832,0.3575,17.263,5.5547,-40.6856,150.7312,37.6215
471,3,running,1.4563,8.8887,0.8791,0.454,0.2827,0.3948,17.051,3.3048,-40.5922,150.6855,37.187
472,3,walking,0.4577,9.0372,-0.0122,0.1611,-0.0012,0.1211,20.6763,-1.4919,-40.2443,89.4144,37.22
473,3,running,1.2607,8.9805,0.3106,0.5302,0.3098,0.3742,19.2492,8.825,-35.6032,155.4738,37.2968
474,3,walking,0.5876,9.3972,0.6409,0.0443,0.1917,0.0983,21.7274,6.3205,-36.8004,88.9645,36.4186
475,3,running,1.2556,9.1642,0.9881,0.5002,0.3025,0.3186,16.1425,7.2037,-40.493,150.9613,37.2636
476,3,sitting,0.2947,10.1201,-0.2613,0.0695,-0.015,-0.0395,20.746,5.0644,-39.959,72.8664,36.7411
477,3,standing,0.1156,9.3015,0.0725,0.043,-0.0094,0.0785,19.7765,8.2902,-42.3354,71.1225,36.6484
478,3,running,1.6936,9.2157,1.1622,0.4879,0.2902,0.4418,21.8787,6.2361,-41.0443,155.2174,37.4883
479,3,running,0.9348,9.3985,0.9601,0.5594,0.3549,0.3936,17.0538,6.3029,-38.2737,158.1652,37.4807
480,3,running,1.6896,9.4279,0.5724,0.4549,0.1962,0.4152,17.6943,4.1053,-39.2549,157.9685,37.1425
481,3,walking,0.4099,9.1468,1.1873,0.1751,0.1227,0.1266,22.8722,5.5136,-42.791,93.7223,36.6479
482,3,walking,0.196,9.2805,-0.2624,0.0957,0.0214,0.1797,20.7826,1.4618,-37.785,92.9698,36.7588
483,3,sitting,0.1479,10.0421,-0.8844,-0.0578,0.0315,-0.0066,19.0404,5.4799,-39.5292,80.6828,36.4346
484,3,cycling,0.4031,9.366,0.1555,0.2429,0.2509,0.1398,24.7524,5.0318,-39.0476,111.594,36.8808
485,3,running,1.3883,9.0192,1.1599,0.5649,0.3694,0.3961,22.7452,5.8253,-38.9916,158.74,37.3891
486,3,running,1.448,9.2541,0.6612,0.5411,0.1845,0.3939,21.2322,4.6772,-44.5218,156.6223,37.6677
487,3,standing,-0.0566,9.6973,-0.1821,0.0039,0.0286,-0.0476,16.9617,4.8981,-39.8377,79.4951,36.8593
488,3,standing,-0.251,9.7604,-0.2048,0.1208,0.0224,-0.0609,18.4418,3.4758,-39.9004,78.2501,36.7743
489,3,walking,0.174,9.8842,0.2811,0.0935,-0.0182,0.0713,16.7631,4.4993,-43.0748,88.9278,36.9908
490,3,standing,0.0116,10.2334,-0.2087,0.0362,-0.0169,0.0025,20.8517,8.8975,-36.9618,69.9863,36.9103
491,3,standing,0.5198,10.2918,0.5894,0.0486,0.1325,0.0541,22.1032,6.2428,-40.1818,85.0421,36.2928
492,3,standing,0.2471,9.8408,0.4025,-0.0045,-0.037,-0.025,17.6786,5.8393,-40.1671,76.7951,36.819
493,3,standing,-0.5313,9.1115,-0.0902,0.0455,-0.048,0.024,17.8874,4.6251,-40.0382,67.6383,36.2253
494,3,walking,0.1921,9.6436,0.362,0.0364,0.1037,0.1465,18.5041,3.1616,-42.9177,87.4703,36.3135
495,3,cycling,0.7329,9.2263,0.1052,0.4151,0.1808,0.1495,20.8361,5.9415,-41.9767,119.1085,37.0099
496,3,walking,0.4421,9.2517,-0.0106,0.0889,-0.0321,0.1208,21.1657,7.7578,-39.7934,90.0203,36.8878
497,3,lying,0.5048,-0.3771,10.1538,0.0722,-0.0096,0.0123,20.9776,4.1302,-36.24,54.3335,36.4281
498,3,running,1.0337,8.629,1.2727,0.4999,0.3283,0.4186,20.4525,5.2837,-40.2222,160.6906,37.4889
499,3,walking,0.0095,9.7558,0.3895,0.1538,-0.0175,0.1158,19.8234,5.8567,-41.8613,90.0807,36.4393
